<Entity type="zombie" resource="entities/zombie.xml">
    <Cv_TransformComponent>
        <Position x="-200" y="0" z="0"/>
        <Scale x="1" y="1" />
        <Rotation radians="0" />
	<Origin x="0.5" y="0.5" />
    </Cv_TransformComponent>
    <Cv_SpriteComponent>
        <Texture resource="guybrush.png" />
        <Size width="102" height="148" />
        <Color r="255" g="255" b="255" />
	    <Animation fx="6" fy="1" loop="true" defaultAnim="walking">
            <SubAnimation id="walking" startFrame="0" endFrame="5" speed="10"/>
            <SubAnimation id="running" startFrame="0" endFrame="5" speed="20"/>
        </Animation>
    </Cv_SpriteComponent>
</Entity>