<Scene>
	<StaticEntities>
		<Entity name="guybrush" resource="entities/zombie.xml">
			<Cv_SpriteComponent>
				<Animation defaultAnim="running"/>
			</Cv_SpriteComponent>
		</Entity>
		<Entity name="guybrush2" resource="entities/zombie.xml">
			<Cv_TransformComponent>
				<Position x="-400" y="0" z="0"/>
			</Cv_TransformComponent>
		</Entity>
		<Entity name="guntler" resource="entities/guntler.xml"/>
		<Entity name="profile" resource="entities/profile.xml">
			<Entity name="camera" resource="entities/camera.xml"/>
		</Entity>
		<Entity name="ground" resource="entities/ground.xml"/>
	</StaticEntities>
</Scene>
